"Store","StoreType","Assortment","CompetitionDistance","CompetitionOpenSinceMonth","CompetitionOpenSinceYear","Promo2","Promo2SinceWeek","Promo2SinceYear","PromoInterval"
1,"a","c",8940,NA,NA,1,9,2011,"Jan,Apr,Jul,Oct"
2,"d","a",2110,11,1995,1,40,2014,"Jan,Apr,Jul,Oct"
3,"b","a",1870,10,2011,0,NA,NA,""
4,"d","c",7170,8,2014,1,5,2013,"Feb,May,Aug,Nov"
5,"d","a",8650,7,2013,1,10,2014,"Jan,Apr,Jul,Oct"
6,"a","c",5460,NA,NA,1,14,2011,"Jan,Apr,Jul,Oct"
7,"d","a",18610,NA,NA,0,NA,NA,""
8,"a","c",1070,NA,NA,1,13,2010,"Jan,Apr,Jul,Oct"
9,"a","a",20640,9,2007,0,NA,NA,""
10,"d","c",12870,10,2008,0,NA,NA,""
11,"c","a",200,7,1998,1,1,2012,"Jan,Apr,Jul,Oct"
12,"a","a",140,9,2005,0,NA,NA,""
13,"d","c",1860,9,2012,1,40,2012,"Jan,Apr,Jul,Oct"
14,"a","a",650,11,2013,1,37,2009,"Jan,Apr,Jul,Oct"
15,"d","c",1150,NA,NA,1,14,2011,"Jan,Apr,Jul,Oct"
16,"a","a",200,NA,NA,0,NA,NA,""
17,"d","a",450,NA,NA,1,40,2011,"Jan,Apr,Jul,Oct"
18,"a","a",36410,4,2008,0,NA,NA,""
19,"d","c",21810,9,2012,0,NA,NA,""
20,"d","c",1920,4,2005,0,NA,NA,""
21,"a","a",7680,3,2006,0,NA,NA,""
22,"d","c",8400,4,2012,1,5,2013,"Feb,May,Aug,Nov"
23,"d","a",10170,11,2001,0,NA,NA,""
24,"d","a",1200,9,2009,1,45,2009,"Jan,Apr,Jul,Oct"
25,"a","c",360,3,2014,1,9,2011,"Mar,Jun,Sept,Dec"
26,"d","c",32330,3,2014,0,NA,NA,""
27,"c","c",490,5,2007,1,13,2010,"Jan,Apr,Jul,Oct"
28,"a","a",1890,NA,NA,0,NA,NA,""
29,"a","c",9260,2,2010,0,NA,NA,""
30,"a","a",40,8,2001,0,NA,NA,""
31,"a","a",18660,9,2002,0,NA,NA,""
32,"a","a",1070,9,2009,0,NA,NA,""
33,"a","a",20390,NA,NA,0,NA,NA,""
34,"a","c",350,12,2007,1,1,2012,"Jan,Apr,Jul,Oct"
35,"a","c",NA,NA,NA,0,NA,NA,""
36,"c","c",45740,8,2008,0,NA,NA,""
37,"a","a",4580,NA,NA,1,14,2015,"Jan,Apr,Jul,Oct"
38,"a","c",100,6,2010,1,18,2010,"Feb,May,Aug,Nov"
39,"a","a",2090,12,2008,0,NA,NA,""
40,"a","c",1090,7,2010,1,1,2013,"Jan,Apr,Jul,Oct"
41,"a","a",2290,7,2011,1,1,2012,"Jan,Apr,Jul,Oct"
42,"c","a",900,NA,NA,1,13,2010,"Jan,Apr,Jul,Oct"
43,"a","a",4180,NA,NA,0,NA,NA,""
44,"a","c",120,12,2014,1,37,2009,"Jan,Apr,Jul,Oct"
45,"a","c",720,10,2014,0,NA,NA,""
46,"a","c",4030,NA,NA,0,NA,NA,""
47,"d","c",1860,5,2015,0,NA,NA,""
48,"a","a",180,11,2006,0,NA,NA,""
49,"a","a",40,2,2014,1,10,2014,"Mar,Jun,Sept,Dec"
50,"a","a",250,9,2009,0,NA,NA,""
51,"d","c",8540,NA,NA,0,NA,NA,""
52,"a","a",70,NA,NA,0,NA,NA,""
53,"a","a",3350,2,2010,0,NA,NA,""
54,"c","c",4840,NA,NA,0,NA,NA,""
55,"c","a",1080,12,2012,0,NA,NA,""
56,"a","a",800,6,2007,0,NA,NA,""
57,"d","a",510,7,2014,1,23,2015,"Mar,Jun,Sept,Dec"
58,"a","a",2640,12,2005,1,31,2013,"Feb,May,Aug,Nov"
59,"a","c",9630,NA,NA,1,14,2011,"Jan,Apr,Jul,Oct"
60,"a","a",1070,5,2015,1,14,2011,"Jan,Apr,Jul,Oct"
61,"a","c",5080,NA,NA,1,31,2013,"Feb,May,Aug,Nov"
62,"d","c",13840,6,2010,1,14,2012,"Jan,Apr,Jul,Oct"
63,"a","c",350,11,2006,0,NA,NA,""
64,"a","a",5360,9,2012,1,40,2011,"Jan,Apr,Jul,Oct"
65,"d","c",6360,NA,NA,1,40,2012,"Mar,Jun,Sept,Dec"
66,"d","a",8250,10,2000,1,31,2009,"Jan,Apr,Jul,Oct"
67,"d","a",260,2,2012,1,14,2011,"Jan,Apr,Jul,Oct"
68,"a","c",1650,NA,NA,1,40,2014,"Jan,Apr,Jul,Oct"
69,"a","c",90,NA,NA,1,1,2013,"Jan,Apr,Jul,Oct"
70,"d","c",6910,4,2005,0,NA,NA,""
71,"c","c",4490,5,2014,1,5,2013,"Feb,May,Aug,Nov"
72,"b","c",1210,NA,NA,0,NA,NA,""
73,"d","a",3200,1,2008,1,22,2011,"Jan,Apr,Jul,Oct"
74,"a","a",50,12,2005,1,26,2010,"Jan,Apr,Jul,Oct"
75,"a","c",13620,NA,NA,1,10,2014,"Mar,Jun,Sept,Dec"
76,"d","c",1090,8,2009,1,10,2014,"Jan,Apr,Jul,Oct"
77,"a","c",1590,NA,NA,1,37,2009,"Jan,Apr,Jul,Oct"
78,"a","a",4870,9,2007,1,45,2009,"Jan,Apr,Jul,Oct"
79,"a","a",2170,11,2008,0,NA,NA,""
80,"a","a",1060,5,2009,1,27,2011,"Feb,May,Aug,Nov"
81,"a","a",8460,11,1994,0,NA,NA,""
82,"a","c",9200,10,2009,1,14,2012,"Jan,Apr,Jul,Oct"
83,"a","a",2030,9,2012,1,18,2011,"Feb,May,Aug,Nov"
84,"d","c",16350,7,2005,1,31,2013,"Jan,Apr,Jul,Oct"
85,"d","c",2780,6,2015,0,NA,NA,""
86,"c","a",60,4,2006,0,NA,NA,""
87,"c","a",240,4,2015,1,13,2010,"Jan,Apr,Jul,Oct"
88,"d","c",11120,NA,NA,1,22,2012,"Jan,Apr,Jul,Oct"
89,"a","a",350,NA,NA,1,5,2013,"Feb,May,Aug,Nov"
90,"a","a",280,NA,NA,0,NA,NA,""
91,"a","c",2270,11,2005,1,14,2011,"Jan,Apr,Jul,Oct"
92,"a","a",1100,6,2015,0,NA,NA,""
93,"c","a",2870,7,2015,1,13,2010,"Jan,Apr,Jul,Oct"
94,"d","a",18610,11,2002,1,48,2011,"Mar,Jun,Sept,Dec"
95,"a","a",140,4,2008,0,NA,NA,""
96,"d","c",14620,NA,NA,0,NA,NA,""
97,"a","a",3450,9,2011,0,NA,NA,""
98,"a","c",3860,9,2014,1,23,2015,"Mar,Jun,Sept,Dec"
99,"a","c",8480,NA,NA,0,NA,NA,""
100,"d","c",9430,NA,NA,0,NA,NA,""
101,"d","c",6890,NA,NA,1,48,2011,"Mar,Jun,Sept,Dec"
102,"d","a",2300,NA,NA,0,NA,NA,""
103,"a","c",250,NA,NA,0,NA,NA,""
104,"a","a",3370,12,2008,1,40,2014,"Jan,Apr,Jul,Oct"
105,"c","c",380,5,2008,1,10,2014,"Mar,Jun,Sept,Dec"
106,"a","a",1080,5,2011,0,NA,NA,""
107,"a","c",960,11,2011,1,1,2012,"Jan,Apr,Jul,Oct"
108,"a","a",540,NA,NA,1,14,2011,"Jan,Apr,Jul,Oct"
109,"a","a",1630,9,2009,0,NA,NA,""
110,"d","c",10600,7,2005,1,45,2014,"Feb,May,Aug,Nov"
111,"a","a",1390,8,2013,0,NA,NA,""
112,"d","a",17110,3,2007,1,5,2010,"Jan,Apr,Jul,Oct"
113,"a","a",2380,7,2004,1,40,2014,"Jan,Apr,Jul,Oct"
114,"a","c",7860,5,2005,0,NA,NA,""
115,"d","c",680,NA,NA,1,22,2012,"Jan,Apr,Jul,Oct"
116,"a","a",3160,9,2009,0,NA,NA,""
117,"c","a",4510,NA,NA,1,48,2011,"Mar,Jun,Sept,Dec"
118,"d","a",NA,NA,NA,0,NA,NA,""
119,"d","c",1460,NA,NA,0,NA,NA,""
120,"a","a",140,3,2006,0,NA,NA,""
121,"d","a",7910,NA,NA,0,NA,NA,""
122,"a","a",660,1,2007,0,NA,NA,""
123,"a","c",14300,3,2011,0,NA,NA,""
124,"d","c",6620,3,2012,1,10,2014,"Mar,Jun,Sept,Dec"
125,"d","c",810,NA,NA,1,48,2012,"Jan,Apr,Jul,Oct"
126,"d","a",10180,5,2015,0,NA,NA,""
127,"a","a",340,4,2007,1,13,2010,"Jan,Apr,Jul,Oct"
128,"a","c",4570,NA,NA,0,NA,NA,""
129,"a","c",1510,9,2013,0,NA,NA,""
130,"a","a",870,3,2006,0,NA,NA,""
131,"a","c",30030,11,2010,0,NA,NA,""
132,"d","c",2640,9,2012,0,NA,NA,""
133,"c","c",1490,4,2009,0,NA,NA,""
134,"d","c",2770,3,2008,1,40,2014,"Jan,Apr,Jul,Oct"
135,"d","a",2380,3,2013,1,40,2014,"Jan,Apr,Jul,Oct"
136,"d","c",6540,NA,NA,1,14,2013,"Jan,Apr,Jul,Oct"
137,"a","c",18710,4,2015,0,NA,NA,""
138,"a","a",3440,NA,NA,1,45,2009,"Feb,May,Aug,Nov"
139,"a","a",390,2,2013,1,10,2014,"Jan,Apr,Jul,Oct"
140,"c","a",40,11,2011,1,22,2012,"Mar,Jun,Sept,Dec"
141,"c","a",210,NA,NA,1,36,2013,"Mar,Jun,Sept,Dec"
142,"c","c",2510,8,2009,1,1,2012,"Jan,Apr,Jul,Oct"
143,"a","a",620,9,2014,0,NA,NA,""
144,"d","a",4400,NA,NA,0,NA,NA,""
145,"a","a",1590,3,2006,0,NA,NA,""
146,"c","c",10450,6,2009,0,NA,NA,""
147,"a","a",18160,NA,NA,0,NA,NA,""
148,"a","c",4700,9,2002,1,31,2013,"Feb,May,Aug,Nov"
149,"a","a",990,NA,NA,1,40,2014,"Jan,Apr,Jul,Oct"
150,"a","c",2030,8,2000,0,NA,NA,""
151,"a","c",9990,NA,NA,0,NA,NA,""
152,"c","c",31830,3,2010,0,NA,NA,""
153,"c","c",530,4,2005,1,35,2010,"Mar,Jun,Sept,Dec"
154,"d","c",1940,3,2012,0,NA,NA,""
155,"a","c",490,9,2012,1,18,2011,"Feb,May,Aug,Nov"
156,"c","c",620,9,2009,0,NA,NA,""
157,"a","c",2230,5,2009,1,40,2014,"Jan,Apr,Jul,Oct"
158,"d","c",4040,8,2008,1,18,2013,"Mar,Jun,Sept,Dec"
159,"d","a",1500,9,2008,1,14,2011,"Jan,Apr,Jul,Oct"
160,"a","a",2300,9,2010,0,NA,NA,""
161,"b","b",860,10,1999,0,NA,NA,""
162,"a","a",27190,7,2010,1,37,2009,"Jan,Apr,Jul,Oct"
163,"d","c",10890,4,2005,0,NA,NA,""
164,"a","c",4150,NA,NA,0,NA,NA,""
165,"a","a",12540,NA,NA,0,NA,NA,""
166,"c","a",3740,2,2002,1,14,2011,"Jan,Apr,Jul,Oct"
167,"a","c",33060,3,2010,0,NA,NA,""
168,"a","a",1340,9,2006,0,NA,NA,""
169,"a","a",1070,12,2006,1,13,2010,"Jan,Apr,Jul,Oct"
170,"a","c",80,9,2005,1,10,2014,"Mar,Jun,Sept,Dec"
171,"a","c",2290,NA,NA,1,10,2014,"Mar,Jun,Sept,Dec"
172,"a","c",1310,NA,NA,0,NA,NA,""
173,"a","a",250,NA,NA,0,NA,NA,""
174,"a","c",4590,3,2000,1,40,2011,"Jan,Apr,Jul,Oct"
175,"a","c",1600,4,2009,0,NA,NA,""
176,"a","a",560,12,2010,0,NA,NA,""
177,"d","c",12920,9,2012,0,NA,NA,""
178,"a","a",5630,12,2002,1,40,2014,"Jan,Apr,Jul,Oct"
179,"c","a",1010,9,2012,1,18,2011,"Feb,May,Aug,Nov"
180,"d","c",2170,NA,NA,0,NA,NA,""
181,"d","c",6470,9,2012,0,NA,NA,""
182,"c","c",1540,NA,NA,1,22,2012,"Mar,Jun,Sept,Dec"
183,"a","a",3570,4,2007,0,NA,NA,""
184,"d","a",6260,11,2009,0,NA,NA,""
185,"a","a",27150,NA,NA,0,NA,NA,""
186,"a","c",12480,3,2011,0,NA,NA,""
187,"a","a",3130,7,2002,0,NA,NA,""
188,"c","c",5980,2,2010,0,NA,NA,""
189,"a","a",630,2,2015,1,31,2013,"Feb,May,Aug,Nov"
190,"a","a",2890,10,2003,0,NA,NA,""
191,"d","c",8980,NA,NA,0,NA,NA,""
192,"a","a",460,11,2014,1,31,2013,"Feb,May,Aug,Nov"
193,"a","c",20,NA,NA,1,35,2010,"Mar,Jun,Sept,Dec"
194,"d","c",1690,7,2009,1,36,2013,"Mar,Jun,Sept,Dec"
195,"a","a",4140,9,2012,0,NA,NA,""
196,"c","a",4230,12,2014,0,NA,NA,""
197,"a","a",480,NA,NA,0,NA,NA,""
198,"d","a",1710,NA,NA,0,NA,NA,""
199,"d","c",9910,NA,NA,0,NA,NA,""
200,"a","c",250,1,2005,0,NA,NA,""
201,"d","c",9070,12,2003,0,NA,NA,""
202,"c","a",920,7,2015,0,NA,NA,""
203,"a","a",350,12,2012,0,NA,NA,""
204,"c","a",290,9,2006,0,NA,NA,""
205,"c","c",1200,7,2012,1,27,2012,"Jan,Apr,Jul,Oct"
206,"a","a",15270,NA,NA,1,10,2014,"Jan,Apr,Jul,Oct"
207,"d","c",8040,NA,NA,0,NA,NA,""
208,"a","c",350,NA,NA,1,31,2013,"Feb,May,Aug,Nov"
209,"a","a",560,1,2011,0,NA,NA,""
210,"c","c",3890,NA,NA,0,NA,NA,""
211,"a","a",6870,NA,NA,0,NA,NA,""
212,"a","c",1410,10,2013,0,NA,NA,""
213,"a","c",5020,5,2006,1,18,2014,"Feb,May,Aug,Nov"
214,"a","a",6420,4,2011,1,1,2012,"Jan,Apr,Jul,Oct"
215,"a","a",3620,NA,NA,1,40,2013,"Jan,Apr,Jul,Oct"
216,"d","c",580,11,2014,0,NA,NA,""
217,"a","a",40,8,2015,0,NA,NA,""
218,"a","c",120,4,2009,1,1,2012,"Jan,Apr,Jul,Oct"
219,"a","a",220,NA,NA,1,36,2013,"Mar,Jun,Sept,Dec"
220,"d","c",13140,NA,NA,1,31,2013,"Jan,Apr,Jul,Oct"
221,"d","c",5440,NA,NA,1,40,2014,"Jan,Apr,Jul,Oct"
222,"d","a",410,4,2009,1,13,2010,"Jan,Apr,Jul,Oct"
223,"d","c",1200,11,2007,0,NA,NA,""
224,"d","c",13170,8,2014,1,9,2011,"Mar,Jun,Sept,Dec"
225,"a","a",2100,8,2013,1,14,2011,"Jan,Apr,Jul,Oct"
226,"d","c",6470,12,2004,0,NA,NA,""
227,"d","a",21930,NA,NA,0,NA,NA,""
228,"a","a",310,NA,NA,1,5,2013,"Feb,May,Aug,Nov"
229,"a","a",1060,5,2012,0,NA,NA,""
230,"c","a",2550,10,2005,0,NA,NA,""
231,"d","c",7290,9,2014,0,NA,NA,""
232,"a","a",14810,6,2014,0,NA,NA,""
233,"d","c",5900,NA,NA,0,NA,NA,""
234,"a","a",4300,3,2009,1,27,2013,"Jan,Apr,Jul,Oct"
235,"a","c",8080,NA,NA,0,NA,NA,""
236,"d","c",50,6,2015,0,NA,NA,""
237,"a","a",1150,9,2007,0,NA,NA,""
238,"d","c",17110,11,2005,0,NA,NA,""
239,"d","c",5650,9,2008,1,5,2013,"Feb,May,Aug,Nov"
240,"a","a",690,6,2007,1,14,2011,"Jan,Apr,Jul,Oct"
241,"a","a",2260,NA,NA,1,40,2014,"Jan,Apr,Jul,Oct"
242,"d","a",2930,12,2002,0,NA,NA,""
243,"a","c",460,11,2012,1,40,2014,"Jan,Apr,Jul,Oct"
244,"a","c",1610,NA,NA,0,NA,NA,""
245,"c","a",440,4,2002,0,NA,NA,""
246,"d","c",3330,3,2015,1,13,2010,"Jan,Apr,Jul,Oct"
247,"a","c",370,7,2007,1,14,2011,"Jan,Apr,Jul,Oct"
248,"d","c",8240,3,2001,1,10,2013,"Feb,May,Aug,Nov"
249,"d","c",5140,5,2010,0,NA,NA,""
250,"a","a",30,4,2013,0,NA,NA,""
251,"c","a",2240,9,2009,0,NA,NA,""
252,"a","c",6920,9,2011,0,NA,NA,""
253,"c","a",720,10,2004,1,13,2010,"Jan,Apr,Jul,Oct"
254,"a","a",4970,7,2015,0,NA,NA,""
255,"c","a",21770,7,2015,0,NA,NA,""
256,"a","a",2120,NA,NA,0,NA,NA,""
257,"a","a",630,4,2007,0,NA,NA,""
258,"a","a",3560,10,2001,1,31,2013,"Feb,May,Aug,Nov"
259,"d","a",3900,4,2005,1,45,2009,"Feb,May,Aug,Nov"
260,"d","c",1180,NA,NA,1,31,2013,"Jan,Apr,Jul,Oct"
261,"d","c",2770,NA,NA,0,NA,NA,""
262,"a","a",7240,2,2010,0,NA,NA,""
263,"c","c",1130,6,2015,0,NA,NA,""
264,"a","c",3720,2,2010,0,NA,NA,""
265,"a","a",4450,NA,NA,1,14,2011,"Jan,Apr,Jul,Oct"
266,"a","a",350,8,1999,1,14,2011,"Jan,Apr,Jul,Oct"
267,"d","a",5190,NA,NA,1,1,2013,"Jan,Apr,Jul,Oct"
268,"a","a",12770,10,2000,0,NA,NA,""
269,"a","c",170,2,2009,0,NA,NA,""
270,"d","a",2300,NA,NA,0,NA,NA,""
271,"a","c",3110,3,2003,0,NA,NA,""
272,"c","c",3100,5,2010,0,NA,NA,""
273,"a","a",7250,12,2013,0,NA,NA,""
274,"d","c",11260,NA,NA,1,9,2011,"Feb,May,Aug,Nov"
275,"d","c",1680,10,2005,0,NA,NA,""
276,"a","a",770,5,2013,1,40,2014,"Jan,Apr,Jul,Oct"
277,"d","c",5350,NA,NA,1,40,2012,"Jan,Apr,Jul,Oct"
278,"a","c",540,6,2003,1,40,2014,"Jan,Apr,Jul,Oct"
279,"a","a",2070,9,2007,0,NA,NA,""
280,"a","c",130,NA,NA,1,14,2011,"Jan,Apr,Jul,Oct"
281,"a","a",1930,9,2009,0,NA,NA,""
282,"a","a",2390,9,2012,0,NA,NA,""
283,"a","a",680,4,2013,0,NA,NA,""
284,"a","a",1110,5,2009,0,NA,NA,""
285,"a","c",180,NA,NA,1,35,2010,"Mar,Jun,Sept,Dec"
286,"c","a",6930,9,2006,0,NA,NA,""
287,"a","a",29910,4,2015,0,NA,NA,""
288,"d","c",1090,NA,NA,1,31,2013,"Feb,May,Aug,Nov"
289,"a","c",9070,4,2011,1,37,2009,"Jan,Apr,Jul,Oct"
290,"b","b",720,3,2002,0,NA,NA,""
291,"a","a",2460,4,2009,1,13,2010,"Jan,Apr,Jul,Oct"
292,"a","a",6480,NA,NA,0,NA,NA,""
293,"a","c",2140,8,2012,0,NA,NA,""
294,"a","c",50,NA,NA,1,40,2011,"Jan,Apr,Jul,Oct"
295,"c","a",2410,NA,NA,1,35,2011,"Jan,Apr,Jul,Oct"
296,"d","c",17540,6,2012,0,NA,NA,""
297,"d","a",9710,2,2014,0,NA,NA,""
298,"a","a",450,NA,NA,0,NA,NA,""
299,"d","c",960,11,2012,1,5,2013,"Feb,May,Aug,Nov"
300,"d","c",1420,11,2012,0,NA,NA,""
301,"d","c",16420,NA,NA,0,NA,NA,""
302,"d","c",3290,12,2014,0,NA,NA,""
303,"a","a",1600,6,2006,1,45,2009,"Feb,May,Aug,Nov"
304,"d","c",250,NA,NA,1,27,2012,"Jan,Apr,Jul,Oct"
305,"d","c",9790,NA,NA,1,31,2009,"Feb,May,Aug,Nov"
306,"a","c",2840,6,2007,1,14,2011,"Jan,Apr,Jul,Oct"
307,"d","a",19840,7,2009,0,NA,NA,""
308,"a","c",75860,NA,NA,0,NA,NA,""
309,"a","a",34050,4,2008,0,NA,NA,""
310,"a","c",6270,2,2005,0,NA,NA,""
311,"a","a",1850,12,2014,1,18,2011,"Feb,May,Aug,Nov"
312,"a","a",1400,6,2012,1,13,2010,"Jan,Apr,Jul,Oct"
313,"a","c",5380,8,2015,1,5,2010,"Feb,May,Aug,Nov"
314,"a","a",18760,8,2015,1,14,2011,"Jan,Apr,Jul,Oct"
315,"c","c",710,9,2005,0,NA,NA,""
316,"a","c",140,NA,NA,0,NA,NA,""
317,"a","a",19370,4,2002,0,NA,NA,""
318,"a","a",480,12,2005,0,NA,NA,""
319,"c","a",2740,5,2009,1,40,2014,"Jan,Apr,Jul,Oct"
320,"a","a",2040,6,2007,0,NA,NA,""
321,"a","c",290,NA,NA,1,40,2011,"Jan,Apr,Jul,Oct"
322,"a","a",4740,7,2008,1,37,2009,"Jan,Apr,Jul,Oct"
323,"d","c",9820,NA,NA,0,NA,NA,""
324,"d","a",11400,12,2005,0,NA,NA,""
325,"b","a",400,3,2006,0,NA,NA,""
326,"d","c",22440,12,2013,0,NA,NA,""
327,"d","c",4520,NA,NA,0,NA,NA,""
328,"a","a",26450,NA,NA,0,NA,NA,""
329,"d","a",12700,4,2013,0,NA,NA,""
330,"d","c",18640,9,2013,1,10,2014,"Mar,Jun,Sept,Dec"
331,"b","a",1260,6,2011,0,NA,NA,""
332,"a","c",200,4,2013,1,14,2013,"Jan,Apr,Jul,Oct"
333,"b","a",90,NA,NA,1,31,2013,"Jan,Apr,Jul,Oct"
334,"a","a",15700,NA,NA,1,13,2010,"Jan,Apr,Jul,Oct"
335,"d","a",1340,NA,NA,0,NA,NA,""
336,"d","a",1120,5,2007,1,31,2013,"Jan,Apr,Jul,Oct"
337,"c","c",4630,3,2011,1,35,2011,"Feb,May,Aug,Nov"
338,"a","a",2640,NA,NA,0,NA,NA,""
339,"c","a",470,3,2007,1,1,2012,"Jan,Apr,Jul,Oct"
340,"d","c",6970,9,2011,0,NA,NA,""
341,"a","c",3040,8,2011,1,35,2010,"Mar,Jun,Sept,Dec"
342,"a","a",1200,11,2006,1,40,2014,"Jan,Apr,Jul,Oct"
343,"d","a",2020,7,2014,0,NA,NA,""
344,"a","c",410,2,2006,0,NA,NA,""
345,"a","a",16180,7,2003,1,14,2011,"Jan,Apr,Jul,Oct"
346,"a","a",3350,NA,NA,0,NA,NA,""
347,"d","c",570,7,2013,1,14,2011,"Jan,Apr,Jul,Oct"
348,"a","a",90,6,2014,0,NA,NA,""
349,"c","c",140,9,2012,0,NA,NA,""
350,"a","c",570,9,2012,1,27,2012,"Mar,Jun,Sept,Dec"
351,"a","a",810,5,2013,0,NA,NA,""
352,"c","c",3530,6,2012,1,35,2012,"Mar,Jun,Sept,Dec"
353,"a","a",2410,NA,NA,0,NA,NA,""
354,"a","c",16490,NA,NA,0,NA,NA,""
355,"a","c",830,NA,NA,1,27,2013,"Jan,Apr,Jul,Oct"
356,"a","a",2050,NA,NA,0,NA,NA,""
357,"d","c",2140,7,2013,0,NA,NA,""
358,"d","c",15770,NA,NA,1,40,2014,"Jan,Apr,Jul,Oct"
359,"c","a",440,NA,NA,1,1,2013,"Jan,Apr,Jul,Oct"
360,"d","a",10850,NA,NA,0,NA,NA,""
361,"d","c",6970,12,2005,1,22,2011,"Jan,Apr,Jul,Oct"
362,"a","c",50,NA,NA,0,NA,NA,""
363,"d","a",2530,NA,NA,0,NA,NA,""
364,"d","a",300,5,2014,1,40,2014,"Jan,Apr,Jul,Oct"
365,"a","a",1950,7,2015,0,NA,NA,""
366,"a","a",1250,2,2004,1,5,2013,"Feb,May,Aug,Nov"
367,"a","c",2190,9,2013,0,NA,NA,""
368,"c","a",190,NA,NA,1,45,2009,"Feb,May,Aug,Nov"
369,"d","a",1090,4,2007,0,NA,NA,""
370,"c","a",110,11,2008,0,NA,NA,""
371,"d","c",670,NA,NA,1,40,2011,"Jan,Apr,Jul,Oct"
372,"a","c",1620,9,2006,0,NA,NA,""
373,"a","c",4650,6,2014,0,NA,NA,""
374,"a","a",1480,4,2009,0,NA,NA,""
375,"a","a",5100,4,2007,1,40,2014,"Jan,Apr,Jul,Oct"
376,"c","c",26130,11,2002,0,NA,NA,""
377,"a","c",38710,4,2013,0,NA,NA,""
378,"a","a",290,11,2006,1,5,2013,"Feb,May,Aug,Nov"
379,"a","c",2890,4,2014,0,NA,NA,""
380,"a","a",1780,NA,NA,0,NA,NA,""
381,"d","c",1130,11,2008,0,NA,NA,""
382,"a","a",340,6,2003,1,40,2014,"Jan,Apr,Jul,Oct"
383,"d","c",4110,3,2010,1,14,2011,"Jan,Apr,Jul,Oct"
384,"a","c",12430,10,2004,0,NA,NA,""
385,"a","c",35280,NA,NA,0,NA,NA,""
386,"d","a",1070,NA,NA,0,NA,NA,""
387,"a","a",110,NA,NA,1,40,2014,"Jan,Apr,Jul,Oct"
388,"d","c",4610,6,2010,1,18,2010,"Feb,May,Aug,Nov"
389,"d","c",610,NA,NA,0,NA,NA,""
390,"c","a",6270,8,2005,1,23,2014,"Mar,Jun,Sept,Dec"
391,"a","a",2090,10,2012,1,40,2014,"Jan,Apr,Jul,Oct"
392,"a","c",680,7,2005,0,NA,NA,""
393,"a","c",610,12,2003,1,36,2013,"Mar,Jun,Sept,Dec"
394,"a","c",600,11,1999,1,10,2013,"Jan,Apr,Jul,Oct"
395,"a","c",30,9,2010,0,NA,NA,""
396,"c","c",550,NA,NA,1,35,2010,"Mar,Jun,Sept,Dec"
397,"d","c",11840,NA,NA,1,31,2009,"Feb,May,Aug,Nov"
398,"d","c",18020,NA,NA,0,NA,NA,""
399,"d","c",9800,7,2012,0,NA,NA,""
400,"a","a",150,3,2011,1,40,2014,"Jan,Apr,Jul,Oct"
401,"a","a",1420,11,2007,0,NA,NA,""
402,"b","a",150,9,2006,0,NA,NA,""
403,"c","c",7470,NA,NA,1,44,2012,"Feb,May,Aug,Nov"
404,"d","c",1140,11,2014,0,NA,NA,""
405,"a","c",250,10,2008,0,NA,NA,""
406,"a","a",250,12,2001,1,13,2010,"Jan,Apr,Jul,Oct"
407,"d","a",4580,9,2007,0,NA,NA,""
408,"a","c",190,6,2008,1,40,2011,"Jan,Apr,Jul,Oct"
409,"d","a",10950,3,2014,0,NA,NA,""
410,"d","c",1340,10,2006,1,5,2013,"Feb,May,Aug,Nov"
411,"d","a",1290,NA,NA,1,40,2014,"Jan,Apr,Jul,Oct"
412,"d","a",770,7,2010,1,35,2010,"Jan,Apr,Jul,Oct"
413,"a","a",180,3,2008,1,31,2013,"Feb,May,Aug,Nov"
414,"a","c",3590,9,2012,1,22,2012,"Mar,Jun,Sept,Dec"
415,"d","a",18650,4,2004,1,14,2014,"Jan,Apr,Jul,Oct"
416,"d","a",17280,10,2009,1,18,2011,"Feb,May,Aug,Nov"
417,"d","a",850,NA,NA,1,18,2011,"Feb,May,Aug,Nov"
418,"a","c",250,NA,NA,1,35,2012,"Mar,Jun,Sept,Dec"
419,"d","a",730,8,2007,0,NA,NA,""
420,"a","a",2370,3,2011,1,40,2014,"Jan,Apr,Jul,Oct"
421,"a","a",850,11,2012,1,40,2014,"Jan,Apr,Jul,Oct"
422,"a","c",7420,4,2013,0,NA,NA,""
423,"d","a",4450,6,2012,1,35,2012,"Mar,Jun,Sept,Dec"
424,"a","a",44320,8,2008,0,NA,NA,""
425,"c","c",400,10,2008,0,NA,NA,""
426,"a","a",300,7,2000,1,40,2014,"Jan,Apr,Jul,Oct"
427,"c","c",450,NA,NA,1,5,2013,"Feb,May,Aug,Nov"
428,"a","a",250,9,2008,1,5,2013,"Feb,May,Aug,Nov"
429,"a","c",30360,9,2013,0,NA,NA,""
430,"c","a",2410,NA,NA,1,45,2009,"Feb,May,Aug,Nov"
431,"a","a",160,8,2012,0,NA,NA,""
432,"d","a",2590,9,2012,0,NA,NA,""
433,"d","a",4880,NA,NA,1,37,2009,"Jan,Apr,Jul,Oct"
434,"d","c",970,NA,NA,1,9,2011,"Mar,Jun,Sept,Dec"
435,"d","a",6880,9,2001,1,14,2011,"Jan,Apr,Jul,Oct"
436,"a","a",1220,12,2010,0,NA,NA,""
437,"a","c",10570,7,2013,1,9,2011,"Jan,Apr,Jul,Oct"
438,"a","a",2330,10,2014,1,18,2011,"Feb,May,Aug,Nov"
439,"d","a",15040,10,2004,0,NA,NA,""
440,"d","c",330,9,2006,1,14,2011,"Jan,Apr,Jul,Oct"
441,"a","a",180,NA,NA,1,5,2013,"Jan,Apr,Jul,Oct"
442,"a","c",8860,4,2004,1,37,2009,"Jan,Apr,Jul,Oct"
443,"a","a",8550,9,2001,1,45,2009,"Feb,May,Aug,Nov"
444,"a","a",3150,5,2005,0,NA,NA,""
445,"a","a",17500,8,2008,1,37,2009,"Mar,Jun,Sept,Dec"
446,"a","c",2900,7,1990,0,NA,NA,""
447,"b","b",3640,NA,NA,1,10,2013,"Jan,Apr,Jul,Oct"
448,"c","c",2640,4,2011,1,22,2012,"Mar,Jun,Sept,Dec"
449,"c","a",700,4,2009,1,14,2011,"Jan,Apr,Jul,Oct"
450,"a","a",1350,9,2009,0,NA,NA,""
451,"a","c",15710,2,2013,1,37,2009,"Jan,Apr,Jul,Oct"
452,"d","c",15340,4,2015,1,39,2009,"Jan,Apr,Jul,Oct"
453,"c","c",8140,11,2013,1,10,2014,"Mar,Jun,Sept,Dec"
454,"a","a",190,NA,NA,1,13,2010,"Jan,Apr,Jul,Oct"
455,"a","a",280,9,2008,0,NA,NA,""
456,"a","c",1520,NA,NA,0,NA,NA,""
457,"d","c",8460,NA,NA,0,NA,NA,""
458,"c","a",20970,11,2012,0,NA,NA,""
459,"a","a",1650,10,2000,0,NA,NA,""
460,"a","c",18370,2,2013,1,14,2011,"Jan,Apr,Jul,Oct"
461,"d","c",3230,11,2011,0,NA,NA,""
462,"c","c",330,11,2008,1,5,2013,"Feb,May,Aug,Nov"
463,"d","c",4520,9,2010,1,31,2013,"Jan,Apr,Jul,Oct"
464,"d","a",1760,NA,NA,1,10,2014,"Mar,Jun,Sept,Dec"
465,"a","a",200,NA,NA,0,NA,NA,""
466,"c","a",500,NA,NA,1,45,2009,"Feb,May,Aug,Nov"
467,"d","a",3050,NA,NA,1,35,2010,"Jan,Apr,Jul,Oct"
468,"c","a",240,9,2002,0,NA,NA,""
469,"d","a",17290,10,2013,0,NA,NA,""
470,"a","a",2320,NA,NA,1,31,2013,"Jan,Apr,Jul,Oct"
471,"a","c",670,NA,NA,1,14,2015,"Jan,Apr,Jul,Oct"
472,"a","c",3240,NA,NA,1,22,2011,"Mar,Jun,Sept,Dec"
473,"d","c",12480,NA,NA,1,1,2013,"Jan,Apr,Jul,Oct"
474,"d","c",1390,NA,NA,1,9,2011,"Mar,Jun,Sept,Dec"
475,"a","a",150,9,2008,1,1,2012,"Mar,Jun,Sept,Dec"
476,"a","a",2050,3,2007,0,NA,NA,""
477,"a","a",100,5,2007,1,31,2013,"Jan,Apr,Jul,Oct"
478,"d","a",8300,9,2006,0,NA,NA,""
479,"d","c",1500,10,2005,0,NA,NA,""
480,"a","c",18160,NA,NA,0,NA,NA,""
481,"c","c",190,NA,NA,1,31,2013,"Feb,May,Aug,Nov"
482,"d","c",3580,9,2012,0,NA,NA,""
483,"d","c",7160,11,2012,1,9,2011,"Jan,Apr,Jul,Oct"
484,"a","c",100,4,2014,1,31,2013,"Jan,Apr,Jul,Oct"
485,"a","a",1450,7,2014,0,NA,NA,""
486,"d","a",6400,3,2014,0,NA,NA,""
487,"a","c",250,NA,NA,1,5,2013,"Feb,May,Aug,Nov"
488,"a","c",380,NA,NA,1,14,2012,"Jan,Apr,Jul,Oct"
489,"a","a",1980,7,2010,1,37,2009,"Jan,Apr,Jul,Oct"
490,"a","c",6320,NA,NA,1,5,2011,"Jan,Apr,Jul,Oct"
491,"a","c",1650,9,2008,0,NA,NA,""
492,"a","a",910,NA,NA,0,NA,NA,""
493,"a","a",230,7,2004,1,10,2014,"Jan,Apr,Jul,Oct"
494,"c","c",13570,5,2010,1,10,2013,"Mar,Jun,Sept,Dec"
495,"d","c",8110,NA,NA,0,NA,NA,""
496,"b","a",1180,5,2013,0,NA,NA,""
497,"a","c",1480,9,2011,1,1,2012,"Jan,Apr,Jul,Oct"
498,"d","a",590,5,2001,0,NA,NA,""
499,"a","c",16570,NA,NA,0,NA,NA,""
500,"a","a",550,7,2011,1,1,2012,"Jan,Apr,Jul,Oct"
501,"c","a",550,12,2013,1,40,2014,"Jan,Apr,Jul,Oct"
502,"a","a",820,3,2012,1,35,2012,"Mar,Jun,Sept,Dec"
503,"a","a",580,1,2005,0,NA,NA,""
504,"d","a",1450,3,2012,1,14,2011,"Jan,Apr,Jul,Oct"
505,"d","c",3270,NA,NA,1,22,2012,"Jan,Apr,Jul,Oct"
506,"d","a",7830,9,2014,1,10,2014,"Mar,Jun,Sept,Dec"
507,"d","c",22560,NA,NA,1,14,2013,"Jan,Apr,Jul,Oct"
508,"a","a",420,12,2012,0,NA,NA,""
509,"d","c",5540,10,2009,0,NA,NA,""
510,"a","a",18540,NA,NA,0,NA,NA,""
511,"a","a",1470,12,2006,1,40,2014,"Jan,Apr,Jul,Oct"
512,"d","a",3520,NA,NA,1,18,2012,"Feb,May,Aug,Nov"
513,"c","c",900,9,2010,0,NA,NA,""
514,"a","a",4420,9,2005,0,NA,NA,""
515,"a","c",5330,9,2011,1,31,2013,"Jan,Apr,Jul,Oct"
516,"a","a",1290,NA,NA,1,35,2011,"Mar,Jun,Sept,Dec"
517,"d","c",2770,6,2008,1,22,2011,"Jan,Apr,Jul,Oct"
518,"d","a",19700,NA,NA,1,37,2009,"Jan,Apr,Jul,Oct"
519,"d","c",270,2,2013,1,40,2012,"Jan,Apr,Jul,Oct"
520,"c","a",250,6,2007,1,14,2011,"Jan,Apr,Jul,Oct"
521,"a","c",110,NA,NA,0,NA,NA,""
522,"a","a",280,NA,NA,1,45,2009,"Feb,May,Aug,Nov"
523,"a","a",14040,NA,NA,0,NA,NA,""
524,"a","c",3430,NA,NA,1,31,2013,"Feb,May,Aug,Nov"
525,"d","a",1360,NA,NA,1,35,2010,"Mar,Jun,Sept,Dec"
526,"d","c",540,11,2012,1,35,2010,"Mar,Jun,Sept,Dec"
527,"c","a",1560,NA,NA,1,45,2009,"Feb,May,Aug,Nov"
528,"a","a",1200,9,2008,0,NA,NA,""
529,"a","a",2260,NA,NA,0,NA,NA,""
530,"a","c",640,NA,NA,1,9,2011,"Mar,Jun,Sept,Dec"
531,"d","c",4030,3,2014,1,1,2014,"Jan,Apr,Jul,Oct"
532,"a","c",1130,NA,NA,1,10,2014,"Mar,Jun,Sept,Dec"
533,"c","a",3250,NA,NA,1,40,2011,"Jan,Apr,Jul,Oct"
534,"a","a",16760,9,2011,0,NA,NA,""
535,"d","c",5830,4,2008,0,NA,NA,""
536,"d","c",1250,NA,NA,1,40,2011,"Jan,Apr,Jul,Oct"
537,"a","a",7780,11,2006,0,NA,NA,""
538,"a","c",210,NA,NA,1,31,2013,"Jan,Apr,Jul,Oct"
539,"a","a",780,4,2009,0,NA,NA,""
540,"a","c",11810,8,2014,0,NA,NA,""
541,"a","a",180,NA,NA,1,45,2009,"Feb,May,Aug,Nov"
542,"a","a",5290,11,2012,1,5,2013,"Feb,May,Aug,Nov"
543,"a","a",310,12,2013,0,NA,NA,""
544,"a","c",420,NA,NA,0,NA,NA,""
545,"a","a",14130,12,2006,1,14,2011,"Jan,Apr,Jul,Oct"
546,"a","a",13020,8,2003,1,40,2014,"Jan,Apr,Jul,Oct"
547,"c","a",3390,NA,NA,0,NA,NA,""
548,"a","c",22490,NA,NA,0,NA,NA,""
549,"a","c",14600,4,2015,0,NA,NA,""
550,"a","a",9580,5,2007,1,45,2014,"Feb,May,Aug,Nov"
551,"c","c",8980,6,2011,0,NA,NA,""
552,"a","a",270,8,2013,1,10,2014,"Mar,Jun,Sept,Dec"
553,"a","a",3210,NA,NA,0,NA,NA,""
554,"d","c",7660,10,2000,1,1,2012,"Jan,Apr,Jul,Oct"
555,"c","c",50,11,2013,0,NA,NA,""
556,"d","a",17080,7,2012,1,31,2013,"Jan,Apr,Jul,Oct"
557,"b","b",1410,9,2008,0,NA,NA,""
558,"a","a",18620,NA,NA,1,31,2009,"Feb,May,Aug,Nov"
559,"d","c",7550,NA,NA,0,NA,NA,""
560,"a","c",480,NA,NA,0,NA,NA,""
561,"a","a",3020,2,2010,0,NA,NA,""
562,"c","a",450,6,2011,1,48,2012,"Mar,Jun,Sept,Dec"
563,"d","a",2130,12,2008,0,NA,NA,""
564,"d","c",970,7,2005,1,31,2013,"Feb,May,Aug,Nov"
565,"a","a",520,NA,NA,0,NA,NA,""
566,"c","c",11470,10,2009,1,18,2014,"Jan,Apr,Jul,Oct"
567,"a","c",2270,NA,NA,1,35,2012,"Mar,Jun,Sept,Dec"
568,"d","a",800,NA,NA,1,14,2011,"Mar,Jun,Sept,Dec"
569,"c","c",5830,9,2011,1,13,2010,"Jan,Apr,Jul,Oct"
570,"c","a",1620,9,2009,0,NA,NA,""
571,"a","a",330,NA,NA,1,14,2011,"Jan,Apr,Jul,Oct"
572,"d","c",4460,NA,NA,1,39,2010,"Jan,Apr,Jul,Oct"
573,"a","a",180,11,2013,1,18,2011,"Feb,May,Aug,Nov"
574,"d","c",1970,7,2009,1,45,2014,"Feb,May,Aug,Nov"
575,"a","a",400,8,2013,0,NA,NA,""
576,"a","a",1460,4,2015,0,NA,NA,""
577,"a","c",270,4,2013,1,14,2013,"Jan,Apr,Jul,Oct"
578,"a","a",1830,11,2004,0,NA,NA,""
579,"a","a",3920,4,2005,1,40,2014,"Jan,Apr,Jul,Oct"
580,"d","a",2340,5,2009,1,40,2014,"Jan,Apr,Jul,Oct"
581,"a","c",640,9,2013,0,NA,NA,""
582,"c","c",10740,11,2013,0,NA,NA,""
583,"d","c",15720,3,2010,0,NA,NA,""
584,"a","a",120,NA,NA,0,NA,NA,""
585,"c","a",4030,12,2004,1,14,2011,"Jan,Apr,Jul,Oct"
586,"d","c",2920,10,1995,1,27,2011,"Jan,Apr,Jul,Oct"
587,"a","a",410,9,2012,0,NA,NA,""
588,"d","c",5350,NA,NA,1,22,2012,"Mar,Jun,Sept,Dec"
589,"d","c",4380,NA,NA,0,NA,NA,""
590,"d","c",18010,9,2007,0,NA,NA,""
591,"a","c",340,NA,NA,0,NA,NA,""
592,"d","c",2190,12,2007,1,9,2011,"Mar,Jun,Sept,Dec"
593,"c","a",1690,6,2007,0,NA,NA,""
594,"c","c",1650,NA,NA,1,14,2011,"Jan,Apr,Jul,Oct"
595,"d","c",2180,9,2012,1,40,2012,"Jan,Apr,Jul,Oct"
596,"d","c",2640,NA,NA,0,NA,NA,""
597,"a","a",760,12,2005,0,NA,NA,""
598,"a","a",1640,6,2006,1,40,2011,"Jan,Apr,Jul,Oct"
599,"d","a",1350,12,2005,1,13,2010,"Jan,Apr,Jul,Oct"
600,"d","c",1280,NA,NA,1,10,2013,"Mar,Jun,Sept,Dec"
601,"a","a",8780,2,2005,1,37,2009,"Jan,Apr,Jul,Oct"
602,"a","c",1060,12,2005,0,NA,NA,""
603,"d","a",3140,7,2013,1,14,2011,"Jan,Apr,Jul,Oct"
604,"c","a",4770,NA,NA,1,13,2010,"Jan,Apr,Jul,Oct"
605,"a","c",2200,12,2010,1,22,2012,"Feb,May,Aug,Nov"
606,"a","c",23130,NA,NA,0,NA,NA,""
607,"a","a",2710,7,2001,1,22,2012,"Mar,Jun,Sept,Dec"
608,"d","c",10690,9,2007,1,5,2013,"Jan,Apr,Jul,Oct"
609,"a","a",2710,NA,NA,0,NA,NA,""
610,"a","a",120,NA,NA,1,22,2012,"Jan,Apr,Jul,Oct"
611,"a","a",1790,10,2011,0,NA,NA,""
612,"a","c",7340,5,2008,1,27,2012,"Jan,Apr,Jul,Oct"
613,"a","a",3440,NA,NA,1,31,2013,"Feb,May,Aug,Nov"
614,"a","a",90,12,2012,1,14,2011,"Jan,Apr,Jul,Oct"
615,"a","c",350,NA,NA,0,NA,NA,""
616,"a","a",21790,4,2005,1,18,2015,"Feb,May,Aug,Nov"
617,"c","c",430,NA,NA,1,50,2010,"Jan,Apr,Jul,Oct"
618,"a","a",1080,4,2008,1,14,2011,"Jan,Apr,Jul,Oct"
619,"a","a",370,7,2012,1,14,2011,"Jan,Apr,Jul,Oct"
620,"a","c",16210,11,2010,0,NA,NA,""
621,"d","c",38630,9,2012,0,NA,NA,""
622,"d","a",48330,4,2013,0,NA,NA,""
623,"d","c",4060,9,2012,0,NA,NA,""
624,"d","c",420,6,2014,0,NA,NA,""
625,"a","a",540,6,2011,0,NA,NA,""
626,"a","a",2240,5,2013,1,10,2014,"Mar,Jun,Sept,Dec"
627,"c","a",300,4,2006,0,NA,NA,""
628,"d","c",7840,NA,NA,1,31,2009,"Feb,May,Aug,Nov"
629,"d","c",5010,NA,NA,1,5,2013,"Jan,Apr,Jul,Oct"
630,"d","a",310,NA,NA,1,45,2009,"Feb,May,Aug,Nov"
631,"a","a",290,10,2011,1,40,2014,"Jan,Apr,Jul,Oct"
632,"a","c",1320,5,2013,0,NA,NA,""
633,"a","a",840,9,2006,0,NA,NA,""
634,"d","c",9560,NA,NA,1,36,2013,"Jan,Apr,Jul,Oct"
635,"a","a",1710,7,2015,0,NA,NA,""
636,"a","a",1640,2,2013,0,NA,NA,""
637,"a","c",650,7,1990,0,NA,NA,""
638,"a","c",8090,NA,NA,0,NA,NA,""
639,"c","c",5030,8,2011,0,NA,NA,""
640,"d","c",310,NA,NA,1,40,2011,"Jan,Apr,Jul,Oct"
641,"d","a",980,7,2014,1,18,2014,"Feb,May,Aug,Nov"
642,"d","a",2710,7,2006,0,NA,NA,""
643,"c","c",4180,9,2012,0,NA,NA,""
644,"a","a",150,12,2007,1,10,2014,"Mar,Jun,Sept,Dec"
645,"d","c",18010,9,2014,0,NA,NA,""
646,"d","a",8530,3,2013,0,NA,NA,""
647,"a","a",14570,11,2002,0,NA,NA,""
648,"a","a",3200,6,2005,0,NA,NA,""
649,"d","c",4820,3,2008,0,NA,NA,""
650,"d","c",17340,6,2010,1,9,2011,"Feb,May,Aug,Nov"
651,"d","c",2620,11,2002,0,NA,NA,""
652,"a","c",2280,NA,NA,1,10,2013,"Mar,Jun,Sept,Dec"
653,"d","a",2290,12,2014,1,37,2009,"Jan,Apr,Jul,Oct"
654,"a","c",40860,9,2013,0,NA,NA,""
655,"a","c",410,11,2010,1,48,2010,"Mar,Jun,Sept,Dec"
656,"a","c",870,NA,NA,0,NA,NA,""
657,"a","a",16990,4,2004,0,NA,NA,""
658,"a","a",300,11,2012,0,NA,NA,""
659,"c","a",5780,11,1994,1,10,2014,"Mar,Jun,Sept,Dec"
660,"a","c",360,NA,NA,1,18,2013,"Feb,May,Aug,Nov"
661,"a","a",240,NA,NA,0,NA,NA,""
662,"d","c",32240,3,2010,0,NA,NA,""
663,"d","c",1850,NA,NA,0,NA,NA,""
664,"a","a",7520,10,2014,0,NA,NA,""
665,"c","c",3330,10,2001,1,14,2011,"Jan,Apr,Jul,Oct"
666,"a","a",9560,4,2001,0,NA,NA,""
667,"a","a",2960,10,2014,1,36,2013,"Mar,Jun,Sept,Dec"
668,"a","a",40,3,2014,1,1,2014,"Jan,Apr,Jul,Oct"
669,"c","a",1190,NA,NA,0,NA,NA,""
670,"c","c",5090,9,2006,0,NA,NA,""
671,"d","a",330,3,2008,1,1,2012,"Mar,Jun,Sept,Dec"
672,"c","a",260,NA,NA,0,NA,NA,""
673,"a","a",540,4,2004,0,NA,NA,""
674,"d","a",17930,NA,NA,0,NA,NA,""
675,"d","c",1450,4,2005,1,45,2009,"Feb,May,Aug,Nov"
676,"d","a",5220,5,2009,0,NA,NA,""
677,"d","c",70,11,2010,1,5,2013,"Feb,May,Aug,Nov"
678,"d","c",9230,4,2004,1,37,2009,"Jan,Apr,Jul,Oct"
679,"a","a",190,7,2014,0,NA,NA,""
680,"d","a",8990,NA,NA,1,31,2009,"Feb,May,Aug,Nov"
681,"a","c",3450,NA,NA,0,NA,NA,""
682,"a","a",50,NA,NA,0,NA,NA,""
683,"d","a",NA,NA,NA,1,5,2013,"Feb,May,Aug,Nov"
684,"a","a",1700,1,2008,1,14,2011,"Jan,Apr,Jul,Oct"
685,"a","a",380,5,2011,1,40,2014,"Jan,Apr,Jul,Oct"
686,"d","a",4060,8,2005,0,NA,NA,""
687,"a","a",290,9,2002,1,13,2010,"Jan,Apr,Jul,Oct"
688,"a","a",150,NA,NA,1,31,2013,"Jan,Apr,Jul,Oct"
689,"d","c",1870,9,2013,0,NA,NA,""
690,"d","c",3760,2,2009,0,NA,NA,""
691,"d","c",13530,9,2013,0,NA,NA,""
692,"a","a",17500,4,2001,1,37,2009,"Jan,Apr,Jul,Oct"
693,"a","c",70,7,2005,1,13,2010,"Jan,Apr,Jul,Oct"
694,"d","c",6680,9,2013,0,NA,NA,""
695,"a","a",5890,10,2003,1,14,2011,"Feb,May,Aug,Nov"
696,"d","a",2960,12,2014,1,23,2015,"Mar,Jun,Sept,Dec"
697,"a","a",130,NA,NA,1,1,2013,"Jan,Apr,Jul,Oct"
698,"a","c",1850,8,2013,1,5,2011,"Feb,May,Aug,Nov"
699,"a","a",15430,11,2012,1,18,2011,"Feb,May,Aug,Nov"
700,"c","a",1700,11,2009,0,NA,NA,""
701,"a","c",46590,4,2013,0,NA,NA,""
702,"c","c",2030,11,2003,1,22,2012,"Mar,Jun,Sept,Dec"
703,"c","c",550,10,1999,1,45,2009,"Jan,Apr,Jul,Oct"
704,"a","a",1310,6,1990,1,22,2012,"Mar,Jun,Sept,Dec"
705,"a","a",540,10,2011,0,NA,NA,""
706,"d","c",10620,NA,NA,0,NA,NA,""
707,"a","a",3620,2,2013,0,NA,NA,""
708,"a","a",5710,3,2012,1,37,2009,"Jan,Apr,Jul,Oct"
709,"a","a",1740,3,2008,1,40,2012,"Jan,Apr,Jul,Oct"
710,"a","c",760,9,2014,0,NA,NA,""
711,"c","a",50,11,2006,0,NA,NA,""
712,"a","a",13750,4,2015,0,NA,NA,""
713,"c","c",2470,2,2005,1,31,2013,"Mar,Jun,Sept,Dec"
714,"d","c",1790,7,2013,1,40,2013,"Jan,Apr,Jul,Oct"
715,"a","a",580,2,2008,0,NA,NA,""
716,"a","a",390,6,2009,0,NA,NA,""
717,"d","c",10800,NA,NA,1,18,2011,"Feb,May,Aug,Nov"
718,"a","a",760,2,2008,0,NA,NA,""
719,"d","a",150,NA,NA,1,45,2009,"Feb,May,Aug,Nov"
720,"d","c",5840,7,2010,1,37,2009,"Jan,Apr,Jul,Oct"
721,"c","c",340,NA,NA,0,NA,NA,""
722,"d","a",8670,2,2002,1,14,2011,"Jan,Apr,Jul,Oct"
723,"a","a",570,11,2007,1,13,2010,"Jan,Apr,Jul,Oct"
724,"c","a",3150,NA,NA,0,NA,NA,""
725,"a","a",8080,12,2002,1,40,2014,"Jan,Apr,Jul,Oct"
726,"d","c",2440,NA,NA,1,22,2012,"Mar,Jun,Sept,Dec"
727,"c","a",1270,9,2008,0,NA,NA,""
728,"a","c",40540,2,2002,0,NA,NA,""
729,"a","c",6190,NA,NA,1,23,2013,"Mar,Jun,Sept,Dec"
730,"d","a",20930,NA,NA,0,NA,NA,""
731,"d","c",5210,5,2015,0,NA,NA,""
732,"d","c",20930,11,1999,0,NA,NA,""
733,"a","c",15050,9,2008,0,NA,NA,""
734,"a","a",110,12,2007,0,NA,NA,""
735,"a","c",300,4,2011,1,14,2011,"Jan,Apr,Jul,Oct"
736,"d","c",450,4,2014,1,39,2010,"Jan,Apr,Jul,Oct"
737,"a","a",1410,4,2003,0,NA,NA,""
738,"a","a",110,11,2012,1,31,2013,"Feb,May,Aug,Nov"
739,"a","a",320,12,2005,1,9,2011,"Feb,May,Aug,Nov"
740,"c","a",940,4,2004,1,14,2011,"Jan,Apr,Jul,Oct"
741,"a","c",170,9,2012,0,NA,NA,""
742,"a","c",130,NA,NA,1,27,2013,"Feb,May,Aug,Nov"
743,"a","a",2060,10,2008,0,NA,NA,""
744,"a","c",21370,11,2010,0,NA,NA,""
745,"a","a",2060,NA,NA,1,45,2009,"Feb,May,Aug,Nov"
746,"a","a",500,12,2010,0,NA,NA,""
747,"d","c",3460,10,2013,1,10,2014,"Jan,Apr,Jul,Oct"
748,"d","c",3560,NA,NA,0,NA,NA,""
749,"a","a",5950,4,2007,0,NA,NA,""
750,"a","a",4030,2,2013,1,10,2014,"Jan,Apr,Jul,Oct"
751,"c","a",19640,NA,NA,1,14,2011,"Jan,Apr,Jul,Oct"
752,"b","b",210,NA,NA,0,NA,NA,""
753,"c","a",3380,4,2013,0,NA,NA,""
754,"d","a",6560,12,2013,0,NA,NA,""
755,"a","c",29190,NA,NA,0,NA,NA,""
756,"c","a",110,NA,NA,0,NA,NA,""
757,"c","c",1390,12,2004,0,NA,NA,""
758,"a","a",2040,11,2008,0,NA,NA,""
759,"d","a",5470,NA,NA,1,37,2009,"Jan,Apr,Jul,Oct"
760,"d","c",330,NA,NA,1,28,2012,"Jan,Apr,Jul,Oct"
761,"c","a",3490,4,2011,1,22,2012,"Jan,Apr,Jul,Oct"
762,"a","c",70,6,1990,1,22,2012,"Mar,Jun,Sept,Dec"
763,"d","a",11300,3,2012,0,NA,NA,""
764,"a","a",480,2,2005,1,31,2013,"Jan,Apr,Jul,Oct"
765,"a","c",7980,6,2005,0,NA,NA,""
766,"d","a",3780,NA,NA,1,40,2011,"Jan,Apr,Jul,Oct"
767,"c","a",240,NA,NA,1,45,2009,"Feb,May,Aug,Nov"
768,"a","a",260,10,2006,1,31,2013,"Feb,May,Aug,Nov"
769,"d","c",3840,10,2008,1,39,2010,"Feb,May,Aug,Nov"
770,"a","c",2310,9,2011,1,13,2010,"Jan,Apr,Jul,Oct"
771,"d","c",7520,7,2014,1,45,2009,"Feb,May,Aug,Nov"
772,"d","a",24770,10,2011,1,10,2014,"Mar,Jun,Sept,Dec"
773,"a","a",3410,8,2011,1,14,2015,"Jan,Apr,Jul,Oct"
774,"c","c",140,11,2007,0,NA,NA,""
775,"d","a",9000,8,2001,0,NA,NA,""
776,"d","a",2380,3,2010,1,14,2011,"Jan,Apr,Jul,Oct"
777,"a","a",16680,NA,NA,1,37,2009,"Jan,Apr,Jul,Oct"
778,"a","a",1690,4,2015,0,NA,NA,""
779,"d","c",6860,NA,NA,1,18,2011,"Jan,Apr,Jul,Oct"
780,"a","a",60,1,2005,1,5,2011,"Jan,Apr,Jul,Oct"
781,"a","a",1300,3,2014,1,40,2011,"Jan,Apr,Jul,Oct"
782,"a","c",220,NA,NA,0,NA,NA,""
783,"a","a",190,9,2011,0,NA,NA,""
784,"a","a",2220,12,2011,1,14,2015,"Jan,Apr,Jul,Oct"
785,"d","c",5870,4,2014,0,NA,NA,""
786,"a","a",27530,4,2014,0,NA,NA,""
787,"d","c",9910,12,2010,1,9,2011,"Mar,Jun,Sept,Dec"
788,"a","c",23620,11,2013,0,NA,NA,""
789,"a","a",100,NA,NA,0,NA,NA,""
790,"c","a",230,10,2001,1,14,2011,"Jan,Apr,Jul,Oct"
791,"a","a",2540,6,2005,0,NA,NA,""
792,"a","c",5950,NA,NA,0,NA,NA,""
793,"a","a",16240,10,2000,1,18,2011,"Feb,May,Aug,Nov"
794,"c","c",8190,NA,NA,1,45,2009,"Feb,May,Aug,Nov"
795,"d","c",440,4,2014,0,NA,NA,""
796,"a","a",1800,11,2006,1,5,2013,"Feb,May,Aug,Nov"
797,"a","a",850,2,2012,1,40,2014,"Jan,Apr,Jul,Oct"
798,"a","a",14960,11,2013,1,37,2009,"Jan,Apr,Jul,Oct"
799,"d","c",8050,10,1961,1,48,2012,"Jan,Apr,Jul,Oct"
800,"b","b",590,NA,NA,1,5,2013,"Mar,Jun,Sept,Dec"
801,"d","c",8250,10,2004,1,10,2013,"Mar,Jun,Sept,Dec"
802,"d","a",18670,12,2005,0,NA,NA,""
803,"a","a",1200,10,2014,1,6,2015,"Mar,Jun,Sept,Dec"
804,"d","c",14160,NA,NA,0,NA,NA,""
805,"a","a",1420,10,2012,1,40,2014,"Jan,Apr,Jul,Oct"
806,"a","c",18050,NA,NA,1,14,2011,"Jan,Apr,Jul,Oct"
807,"a","c",2180,NA,NA,0,NA,NA,""
808,"a","a",3000,2,2010,0,NA,NA,""
809,"a","a",620,10,2014,1,18,2014,"Feb,May,Aug,Nov"
810,"d","c",15140,12,2006,1,1,2012,"Jan,Apr,Jul,Oct"
811,"a","a",2410,NA,NA,1,40,2014,"Jan,Apr,Jul,Oct"
812,"a","c",3300,11,2010,0,NA,NA,""
813,"d","a",10070,5,2015,1,31,2013,"Feb,May,Aug,Nov"
814,"a","a",3510,11,2006,1,5,2013,"Feb,May,Aug,Nov"
815,"c","c",1910,7,2013,0,NA,NA,""
816,"d","c",12020,7,2009,0,NA,NA,""
817,"a","a",960,5,2008,1,13,2010,"Jan,Apr,Jul,Oct"
818,"a","a",560,10,2014,1,10,2014,"Jan,Apr,Jul,Oct"
819,"a","c",26490,NA,NA,1,10,2014,"Mar,Jun,Sept,Dec"
820,"c","c",2100,NA,NA,1,1,2013,"Jan,Apr,Jul,Oct"
821,"a","a",90,NA,NA,1,45,2009,"Feb,May,Aug,Nov"
822,"c","a",420,3,2006,0,NA,NA,""
823,"a","c",350,3,2011,1,22,2011,"Feb,May,Aug,Nov"
824,"a","a",2460,NA,NA,1,14,2011,"Jan,Apr,Jul,Oct"
825,"c","a",240,1,2015,0,NA,NA,""
826,"a","c",1140,5,2013,1,40,2014,"Jan,Apr,Jul,Oct"
827,"a","a",19830,4,2006,1,22,2011,"Mar,Jun,Sept,Dec"
828,"a","c",9770,7,2003,0,NA,NA,""
829,"a","a",10690,10,2005,0,NA,NA,""
830,"c","a",1600,8,2013,1,40,2014,"Jan,Apr,Jul,Oct"
831,"a","a",7280,9,2012,1,1,2013,"Jan,Apr,Jul,Oct"
832,"a","a",3320,NA,NA,0,NA,NA,""
833,"a","a",1100,6,2009,0,NA,NA,""
834,"d","c",8970,12,2007,1,22,2012,"Feb,May,Aug,Nov"
835,"d","a",190,9,2012,1,40,2012,"Feb,May,Aug,Nov"
836,"a","a",1160,12,2012,0,NA,NA,""
837,"a","a",2720,9,2012,0,NA,NA,""
838,"a","a",250,NA,NA,0,NA,NA,""
839,"d","a",260,NA,NA,1,44,2010,"Feb,May,Aug,Nov"
840,"d","c",2190,9,2003,0,NA,NA,""
841,"a","a",9670,NA,NA,0,NA,NA,""
842,"d","c",6300,10,2013,0,NA,NA,""
843,"d","a",5760,7,2014,0,NA,NA,""
844,"d","a",1560,1,2014,1,10,2013,"Mar,Jun,Sept,Dec"
845,"d","a",10310,4,2003,1,37,2009,"Jan,Apr,Jul,Oct"
846,"d","c",2490,11,2012,1,31,2009,"Jan,Apr,Jul,Oct"
847,"d","c",650,3,2013,1,40,2014,"Jan,Apr,Jul,Oct"
848,"d","a",8220,4,2014,1,14,2011,"Jan,Apr,Jul,Oct"
849,"a","c",100,4,2015,0,NA,NA,""
850,"d","c",16970,NA,NA,1,5,2013,"Feb,May,Aug,Nov"
851,"c","a",3040,9,2002,1,13,2010,"Jan,Apr,Jul,Oct"
852,"a","c",3270,NA,NA,0,NA,NA,""
853,"c","c",1130,NA,NA,1,40,2011,"Jan,Apr,Jul,Oct"
854,"a","a",12610,3,2013,1,14,2011,"Jan,Apr,Jul,Oct"
855,"a","a",1040,NA,NA,1,22,2012,"Jan,Apr,Jul,Oct"
856,"d","c",1110,NA,NA,1,40,2012,"Jan,Apr,Jul,Oct"
857,"d","a",490,NA,NA,1,35,2010,"Mar,Jun,Sept,Dec"
858,"a","a",17650,11,2013,1,37,2009,"Jan,Apr,Jul,Oct"
859,"a","a",170,7,2013,1,27,2013,"Jan,Apr,Jul,Oct"
860,"a","c",1420,NA,NA,1,10,2013,"Mar,Jun,Sept,Dec"
861,"a","c",24000,4,2013,0,NA,NA,""
862,"a","c",220,NA,NA,1,10,2014,"Jan,Apr,Jul,Oct"
863,"a","c",2700,NA,NA,0,NA,NA,""
864,"d","c",11540,NA,NA,1,5,2013,"Feb,May,Aug,Nov"
865,"c","a",4030,2,2015,0,NA,NA,""
866,"a","a",460,3,2014,1,13,2010,"Jan,Apr,Jul,Oct"
867,"c","a",1200,9,2005,1,14,2011,"Jan,Apr,Jul,Oct"
868,"a","a",1190,11,2012,1,36,2013,"Jan,Apr,Jul,Oct"
869,"a","c",3170,4,2014,0,NA,NA,""
870,"c","a",520,3,2009,0,NA,NA,""
871,"a","c",1710,NA,NA,1,44,2012,"Jan,Apr,Jul,Oct"
872,"a","a",17570,NA,NA,0,NA,NA,""
873,"a","a",16490,NA,NA,1,22,2012,"Jan,Apr,Jul,Oct"
874,"d","a",970,11,1999,1,5,2013,"Feb,May,Aug,Nov"
875,"a","a",590,1,1900,1,40,2014,"Jan,Apr,Jul,Oct"
876,"a","a",330,NA,NA,0,NA,NA,""
877,"c","c",80,1,2006,1,10,2014,"Jan,Apr,Jul,Oct"
878,"a","a",3770,NA,NA,0,NA,NA,""
879,"a","c",13080,NA,NA,0,NA,NA,""
880,"d","c",24530,7,2013,0,NA,NA,""
881,"d","c",15170,NA,NA,1,5,2013,"Feb,May,Aug,Nov"
882,"b","b",1430,NA,NA,0,NA,NA,""
883,"d","c",22330,NA,NA,1,5,2010,"Feb,May,Aug,Nov"
884,"a","a",2850,7,2014,0,NA,NA,""
885,"d","a",510,NA,NA,1,35,2010,"Mar,Jun,Sept,Dec"
886,"a","a",13140,NA,NA,1,14,2011,"Jan,Apr,Jul,Oct"
887,"a","c",2840,3,2010,1,14,2011,"Jan,Apr,Jul,Oct"
888,"a","a",190,11,2012,0,NA,NA,""
889,"a","c",160,7,2007,0,NA,NA,""
890,"c","c",3970,3,2010,0,NA,NA,""
891,"c","a",2460,1,2012,0,NA,NA,""
892,"a","a",1840,3,2006,0,NA,NA,""
893,"d","a",2610,7,2006,1,14,2011,"Jan,Apr,Jul,Oct"
894,"a","a",16690,NA,NA,1,14,2011,"Jan,Apr,Jul,Oct"
895,"a","a",310,5,2015,1,40,2014,"Jan,Apr,Jul,Oct"
896,"a","a",970,3,2013,1,31,2013,"Feb,May,Aug,Nov"
897,"a","a",1000,11,2007,0,NA,NA,""
898,"d","a",6630,NA,NA,0,NA,NA,""
899,"d","c",8990,11,2009,1,35,2010,"Mar,Jun,Sept,Dec"
900,"d","c",5980,10,2005,0,NA,NA,""
901,"a","c",3340,NA,NA,1,22,2012,"Mar,Jun,Sept,Dec"
902,"d","a",2810,NA,NA,1,10,2014,"Jan,Apr,Jul,Oct"
903,"a","a",4150,5,2001,0,NA,NA,""
904,"d","c",2330,NA,NA,1,49,2014,"Mar,Jun,Sept,Dec"
905,"d","a",3370,10,2014,1,18,2011,"Feb,May,Aug,Nov"
906,"d","c",15490,NA,NA,0,NA,NA,""
907,"a","a",210,11,2000,1,36,2013,"Mar,Jun,Sept,Dec"
908,"a","a",27650,8,2004,0,NA,NA,""
909,"a","a",1700,9,2009,0,NA,NA,""
910,"d","c",11900,NA,NA,0,NA,NA,""
911,"d","c",2320,NA,NA,1,40,2012,"Jan,Apr,Jul,Oct"
912,"d","a",14300,NA,NA,0,NA,NA,""
913,"d","c",15140,2,2002,1,37,2009,"Jan,Apr,Jul,Oct"
914,"a","c",340,9,2012,1,40,2012,"Jan,Apr,Jul,Oct"
915,"a","a",1900,6,2014,1,31,2013,"Jan,Apr,Jul,Oct"
916,"a","a",1020,10,2012,1,45,2009,"Feb,May,Aug,Nov"
917,"a","a",4160,NA,NA,0,NA,NA,""
918,"d","c",3290,12,1999,1,35,2010,"Mar,Jun,Sept,Dec"
919,"a","a",70,11,2004,1,14,2011,"Jan,Apr,Jul,Oct"
920,"a","a",30,7,2002,0,NA,NA,""
921,"a","a",700,3,2015,1,10,2014,"Jan,Apr,Jul,Oct"
922,"a","a",1100,8,2013,1,40,2014,"Jan,Apr,Jul,Oct"
923,"d","a",1590,3,2012,0,NA,NA,""
924,"d","c",4370,NA,NA,0,NA,NA,""
925,"a","c",840,NA,NA,1,10,2014,"Jan,Apr,Jul,Oct"
926,"d","a",710,3,2012,1,1,2012,"Jan,Apr,Jul,Oct"
927,"a","c",430,NA,NA,0,NA,NA,""
928,"d","c",6210,NA,NA,1,1,2013,"Jan,Apr,Jul,Oct"
929,"a","a",1370,12,2011,1,40,2014,"Jan,Apr,Jul,Oct"
930,"a","c",2330,NA,NA,0,NA,NA,""
931,"b","a",1270,5,2014,0,NA,NA,""
932,"a","c",60,6,2015,0,NA,NA,""
933,"d","c",4330,2,2011,1,35,2011,"Mar,Jun,Sept,Dec"
934,"a","a",910,12,2014,1,37,2009,"Jan,Apr,Jul,Oct"
935,"a","a",220,2,2002,1,37,2009,"Jan,Apr,Jul,Oct"
936,"a","c",1280,NA,NA,1,40,2011,"Jan,Apr,Jul,Oct"
937,"a","a",3750,11,2001,1,35,2010,"Mar,Jun,Sept,Dec"
938,"a","a",3750,NA,NA,1,45,2009,"Feb,May,Aug,Nov"
939,"c","a",4130,NA,NA,0,NA,NA,""
940,"a","a",320,NA,NA,1,45,2009,"Feb,May,Aug,Nov"
941,"d","a",5800,9,2010,0,NA,NA,""
942,"a","c",13840,5,2010,1,1,2012,"Jan,Apr,Jul,Oct"
943,"d","a",3910,11,2006,1,5,2013,"Feb,May,Aug,Nov"
944,"a","a",80,6,2005,0,NA,NA,""
945,"a","c",3560,9,2013,1,36,2013,"Jan,Apr,Jul,Oct"
946,"d","c",1040,NA,NA,1,27,2012,"Jan,Apr,Jul,Oct"
947,"a","a",2640,11,2002,0,NA,NA,""
948,"a","a",270,NA,NA,1,5,2013,"Feb,May,Aug,Nov"
949,"d","a",20260,NA,NA,1,18,2014,"Mar,Jun,Sept,Dec"
950,"d","c",5340,3,2012,1,13,2010,"Jan,Apr,Jul,Oct"
951,"b","b",840,NA,NA,1,48,2012,"Jan,Apr,Jul,Oct"
952,"a","c",11680,9,2011,1,31,2013,"Jan,Apr,Jul,Oct"
953,"a","a",1160,9,2005,1,13,2010,"Jan,Apr,Jul,Oct"
954,"a","a",180,3,2014,0,NA,NA,""
955,"a","c",20390,4,2008,0,NA,NA,""
956,"d","c",1910,4,2009,0,NA,NA,""
957,"d","a",5300,NA,NA,1,45,2009,"Feb,May,Aug,Nov"
958,"d","a",5070,NA,NA,1,45,2009,"Feb,May,Aug,Nov"
959,"a","a",3470,3,2012,0,NA,NA,""
960,"a","a",990,2,2010,0,NA,NA,""
961,"a","a",650,10,2006,0,NA,NA,""
962,"c","c",3210,6,2009,0,NA,NA,""
963,"a","c",58260,4,2013,0,NA,NA,""
964,"a","a",6710,11,2003,1,14,2012,"Jan,Apr,Jul,Oct"
965,"a","a",2020,2,2011,1,14,2011,"Mar,Jun,Sept,Dec"
966,"a","a",440,11,2013,0,NA,NA,""
967,"d","c",520,NA,NA,1,37,2009,"Jan,Apr,Jul,Oct"
968,"d","c",780,NA,NA,0,NA,NA,""
969,"c","c",2700,NA,NA,1,9,2011,"Mar,Jun,Sept,Dec"
970,"a","a",1890,10,2014,0,NA,NA,""
971,"a","a",600,5,2002,1,1,2012,"Jan,Apr,Jul,Oct"
972,"d","c",12070,10,2005,1,10,2013,"Jan,Apr,Jul,Oct"
973,"d","c",7660,9,2010,0,NA,NA,""
974,"d","c",29070,4,2005,0,NA,NA,""
975,"d","a",2110,3,2006,0,NA,NA,""
976,"a","a",4080,3,2011,1,13,2010,"Jan,Apr,Jul,Oct"
977,"c","c",5390,8,2003,1,1,2012,"Jan,Apr,Jul,Oct"
978,"a","a",30,11,2012,0,NA,NA,""
979,"d","c",9360,7,2013,1,22,2012,"Mar,Jun,Sept,Dec"
980,"c","c",5000,NA,NA,0,NA,NA,""
981,"a","c",1530,3,2013,0,NA,NA,""
982,"a","c",8260,NA,NA,0,NA,NA,""
983,"d","c",2000,NA,NA,1,1,2013,"Jan,Apr,Jul,Oct"
984,"a","c",6250,NA,NA,0,NA,NA,""
985,"a","c",13190,NA,NA,1,45,2013,"Feb,May,Aug,Nov"
986,"a","c",1070,8,2010,0,NA,NA,""
987,"a","c",7180,11,2012,0,NA,NA,""
988,"a","c",2070,2,2008,1,39,2010,"Jan,Apr,Jul,Oct"
989,"a","a",2620,NA,NA,1,45,2009,"Feb,May,Aug,Nov"
990,"a","a",1010,NA,NA,0,NA,NA,""
991,"a","a",3720,4,2005,1,13,2010,"Jan,Apr,Jul,Oct"
992,"c","c",1880,4,2006,0,NA,NA,""
993,"d","c",2740,7,2014,1,13,2010,"Jan,Apr,Jul,Oct"
994,"a","c",20620,NA,NA,1,37,2009,"Jan,Apr,Jul,Oct"
995,"a","a",2480,7,1990,0,NA,NA,""
996,"a","a",2200,12,2009,1,13,2010,"Jan,Apr,Jul,Oct"
997,"a","c",22350,6,2010,0,NA,NA,""
998,"c","c",820,NA,NA,0,NA,NA,""
999,"a","c",4820,9,2013,0,NA,NA,""
1000,"a","c",2970,3,2005,0,NA,NA,""
1001,"a","a",2260,11,2007,0,NA,NA,""
1002,"a","a",90,11,2012,0,NA,NA,""
1003,"a","a",1790,5,2011,0,NA,NA,""
1004,"a","a",2370,NA,NA,0,NA,NA,""
1005,"a","a",14960,NA,NA,0,NA,NA,""
1006,"a","a",2060,9,2009,0,NA,NA,""
1007,"d","c",13130,12,2003,0,NA,NA,""
1008,"a","a",420,NA,NA,1,14,2011,"Jan,Apr,Jul,Oct"
1009,"a","a",330,11,2007,0,NA,NA,""
1010,"a","c",620,NA,NA,1,1,2014,"Mar,Jun,Sept,Dec"
1011,"d","a",11640,4,2005,1,22,2011,"Jan,Apr,Jul,Oct"
1012,"a","a",90,7,2010,0,NA,NA,""
1013,"a","c",2950,10,2004,0,NA,NA,""
1014,"d","c",3030,NA,NA,1,37,2009,"Jan,Apr,Jul,Oct"
1015,"d","c",5150,3,2011,1,13,2010,"Jan,Apr,Jul,Oct"
1016,"c","a",3850,11,2005,1,14,2011,"Jan,Apr,Jul,Oct"
1017,"c","a",170,NA,NA,1,35,2012,"Mar,Jun,Sept,Dec"
1018,"d","c",2210,11,2011,0,NA,NA,""
1019,"d","c",1100,12,2014,0,NA,NA,""
1020,"a","a",720,11,2009,0,NA,NA,""
1021,"d","a",5070,11,2007,1,18,2015,"Feb,May,Aug,Nov"
1022,"a","a",520,9,2005,1,13,2010,"Jan,Apr,Jul,Oct"
1023,"a","c",4510,3,2015,0,NA,NA,""
1024,"c","a",1190,9,2013,0,NA,NA,""
1025,"d","a",1740,6,2014,1,45,2009,"Feb,May,Aug,Nov"
1026,"a","a",720,11,2004,0,NA,NA,""
1027,"a","c",910,NA,NA,1,22,2011,"Feb,May,Aug,Nov"
1028,"d","c",6330,6,2004,1,39,2010,"Jan,Apr,Jul,Oct"
1029,"a","a",20050,4,2002,0,NA,NA,""
1030,"a","c",6690,8,2011,0,NA,NA,""
1031,"d","c",4270,NA,NA,1,1,2013,"Jan,Apr,Jul,Oct"
1032,"b","b",900,NA,NA,1,14,2013,"Feb,May,Aug,Nov"
1033,"a","a",2890,12,2007,1,10,2014,"Mar,Jun,Sept,Dec"
1034,"d","a",9680,NA,NA,1,5,2013,"Feb,May,Aug,Nov"
1035,"a","c",2880,NA,NA,0,NA,NA,""
1036,"c","c",1990,1,2012,0,NA,NA,""
1037,"a","a",2910,NA,NA,1,45,2009,"Feb,May,Aug,Nov"
1038,"d","c",13080,9,2006,1,14,2011,"Jan,Apr,Jul,Oct"
1039,"a","c",150,NA,NA,0,NA,NA,""
1040,"a","a",1000,9,2008,0,NA,NA,""
1041,"c","c",1200,NA,NA,0,NA,NA,""
1042,"c","c",5260,9,2012,0,NA,NA,""
1043,"a","a",2820,9,2009,0,NA,NA,""
1044,"d","c",9640,11,2013,0,NA,NA,""
1045,"a","a",230,6,2010,1,18,2010,"Feb,May,Aug,Nov"
1046,"c","a",430,4,2003,0,NA,NA,""
1047,"a","c",6900,NA,NA,1,40,2012,"Mar,Jun,Sept,Dec"
1048,"d","c",1360,8,2005,1,10,2014,"Jan,Apr,Jul,Oct"
1049,"d","c",840,NA,NA,1,1,2013,"Jan,Apr,Jul,Oct"
1050,"d","c",4680,NA,NA,1,22,2012,"Mar,Jun,Sept,Dec"
1051,"a","c",9720,8,2013,0,NA,NA,""
1052,"a","c",370,NA,NA,1,22,2012,"Mar,Jun,Sept,Dec"
1053,"d","a",2590,NA,NA,1,13,2010,"Jan,Apr,Jul,Oct"
1054,"a","c",26990,12,2013,0,NA,NA,""
1055,"c","a",4210,3,2015,0,NA,NA,""
1056,"a","a",120,NA,NA,1,48,2011,"Mar,Jun,Sept,Dec"
1057,"a","c",25430,5,1999,1,37,2009,"Jan,Apr,Jul,Oct"
1058,"d","c",19960,3,2006,0,NA,NA,""
1059,"c","a",14810,NA,NA,1,14,2011,"Mar,Jun,Sept,Dec"
1060,"a","a",1730,7,2015,1,40,2014,"Jan,Apr,Jul,Oct"
1061,"d","c",6360,12,2010,1,14,2012,"Mar,Jun,Sept,Dec"
1062,"d","c",710,NA,NA,1,40,2011,"Jan,Apr,Jul,Oct"
1063,"c","a",1270,9,2010,0,NA,NA,""
1064,"a","a",1170,4,2011,1,22,2012,"Feb,May,Aug,Nov"
1065,"a","a",4520,2,2014,0,NA,NA,""
1066,"a","a",4260,7,2008,1,37,2009,"Jan,Apr,Jul,Oct"
1067,"d","c",5740,4,2007,1,40,2014,"Jan,Apr,Jul,Oct"
1068,"a","a",3870,4,2008,0,NA,NA,""
1069,"a","a",780,9,2005,1,5,2013,"Feb,May,Aug,Nov"
1070,"d","c",17410,4,2007,1,14,2011,"Jan,Apr,Jul,Oct"
1071,"c","a",4660,4,2013,0,NA,NA,""
1072,"d","c",4360,10,2005,0,NA,NA,""
1073,"c","c",3700,6,2010,1,18,2010,"Feb,May,Aug,Nov"
1074,"a","a",50,NA,NA,0,NA,NA,""
1075,"a","c",19360,NA,NA,0,NA,NA,""
1076,"a","a",3570,11,2009,1,36,2013,"Mar,Jun,Sept,Dec"
1077,"c","c",3890,11,2006,1,5,2013,"Feb,May,Aug,Nov"
1078,"c","c",740,NA,NA,1,14,2013,"Mar,Jun,Sept,Dec"
1079,"d","a",13990,NA,NA,1,14,2011,"Jan,Apr,Jul,Oct"
1080,"d","c",2870,9,2012,0,NA,NA,""
1081,"d","c",4880,8,2010,1,18,2014,"Jan,Apr,Jul,Oct"
1082,"a","c",15320,3,2011,1,14,2013,"Feb,May,Aug,Nov"
1083,"d","a",8880,NA,NA,1,14,2011,"Jan,Apr,Jul,Oct"
1084,"a","a",340,10,2000,1,31,2013,"Feb,May,Aug,Nov"
1085,"c","a",1140,5,2011,1,14,2012,"Mar,Jun,Sept,Dec"
1086,"a","c",25360,10,2014,0,NA,NA,""
1087,"d","a",8740,NA,NA,1,37,2009,"Feb,May,Aug,Nov"
1088,"a","c",19780,6,2008,0,NA,NA,""
1089,"a","c",3970,9,2009,0,NA,NA,""
1090,"a","a",660,4,2013,1,40,2014,"Jan,Apr,Jul,Oct"
1091,"d","c",2870,NA,NA,1,35,2012,"Mar,Jun,Sept,Dec"
1092,"a","a",13090,NA,NA,1,22,2012,"Jan,Apr,Jul,Oct"
1093,"c","a",1980,4,2009,0,NA,NA,""
1094,"a","a",22390,4,2008,1,37,2009,"Jan,Apr,Jul,Oct"
1095,"a","c",210,9,2012,0,NA,NA,""
1096,"c","c",1540,NA,NA,1,1,2012,"Jan,Apr,Jul,Oct"
1097,"a","a",1560,9,2003,0,NA,NA,""
1098,"a","a",1200,12,2011,1,31,2013,"Jan,Apr,Jul,Oct"
1099,"c","c",3290,1,2007,1,5,2013,"Feb,May,Aug,Nov"
1100,"a","c",9260,NA,NA,0,NA,NA,""
1101,"a","c",1680,NA,NA,1,45,2009,"Feb,May,Aug,Nov"
1102,"c","a",1670,7,2015,0,NA,NA,""
1103,"d","c",1460,4,2014,1,31,2013,"Jan,Apr,Jul,Oct"
1104,"d","a",7860,11,2005,1,14,2011,"Jan,Apr,Jul,Oct"
1105,"a","c",2100,2,2010,0,NA,NA,""
1106,"a","a",4140,9,2012,1,18,2011,"Feb,May,Aug,Nov"
1107,"d","a",6540,12,2007,0,NA,NA,""
1108,"c","c",490,11,2002,0,NA,NA,""
1109,"c","c",460,NA,NA,0,NA,NA,""
1110,"d","c",7930,NA,NA,1,1,2013,"Jan,Apr,Jul,Oct"
1111,"d","a",4370,NA,NA,0,NA,NA,""
1112,"a","c",2630,9,2012,0,NA,NA,""
1113,"d","c",7890,NA,NA,1,37,2009,"Jan,Apr,Jul,Oct"
1114,"a","a",1090,7,2002,0,NA,NA,""
1115,"d","a",7660,NA,NA,1,37,2009,"Jan,Apr,Jul,Oct"
